<RevenuesAnalysis>
 <RegionalRevenue no="1" title="차량 번호판 인식을 위한 기술 이론과정 소개" page="6" note="" preview="" download="" delete="" view="" update="2022.01.01 00:00:00" folder="" >
 	 <RegionalRevenue title="1.INTRO" page="1" note="" preview="" download="" delete="" view="" update="2022.01.01 00:00:00" folder=""/>
   <RegionalRevenue title="2.학습 열기" page="1" note="" preview="" download="" delete="" view="" update="2022.01.01 00:00:00" folder=""/>
   <RegionalRevenue title="3.학습 목표" page="1" note="" preview="" download="" delete="" view="" update="2022.01.01 00:00:00" folder=""/>
   <RegionalRevenue title="4.학습 목표" page="1" note="" preview="" download="" delete="" view="" update="2022.01.01 00:00:00" folder=""/>
   <RegionalRevenue title="5.학습 목표" page="1" note="" preview="" download="" delete="" view="" update="2022.01.01 00:00:00" folder=""/>
   <RegionalRevenue title="6.학습 목표" page="1" note="" preview="" download="" delete="" view="" update="2022.01.01 00:00:00" folder=""/>
 </RegionalRevenue>
 <RegionalRevenue no="2" title="차량 번호판 인식을 위한 기술 이론과정 소개" page="1" note="" preview="" download="" delete="" view="" update="2022.01.01 00:00:00" folder="">
 	 <RegionalRevenue title="1.INTRO" page="1" note="" preview="" download="" delete="" view="" update="2022.01.01 00:00:00" folder=""/>
   <RegionalRevenue title="2.학습 열기" page="1" note="" preview="" download="" delete="" view="" update="2022.01.01 00:00:00" folder=""/>
   <RegionalRevenue title="3.학습 목표" page="1" note="" preview="" download="" delete="" view="" update="2022.01.01 00:00:00" folder=""/>
   <RegionalRevenue title="4.학습 목표" page="1" note="" preview="" download="" delete="" view="" update="2022.01.01 00:00:00" folder=""/>
   <RegionalRevenue title="5.학습 목표" page="1" note="" preview="" download="" delete="" view="" update="2022.01.01 00:00:00" folder=""/>
   <RegionalRevenue title="6.학습 목표" page="1" note="" preview="" download="" delete="" view="" update="2022.01.01 00:00:00" folder=""/>
 </RegionalRevenue>
</RevenuesAnalysis>
